1002013.jpg,takoyaki
1002167.jpg,takoyaki
1002237.jpg,takoyaki
1003289.jpg,takoyaki
100332.jpg,sushi
1003912.jpg,gyoza
1005352.jpg,sushi
1009005.jpg,gyoza
1010258.jpg,takoyaki
1012499.jpg,sushi
1012802.jpg,takoyaki
1013418.jpg,sushi
101625.jpg,sushi
1016334.jpg,takoyaki
1016390.jpg,sushi
1016857.jpg,takoyaki
1018953.jpg,sushi
1020354.jpg,gyoza
1022404.jpg,takoyaki
102284.jpg,takoyaki
1022922.jpg,sushi
1024150.jpg,gyoza
1025041.jpg,sushi
1025445.jpg,takoyaki
1026798.jpg,gyoza
1029831.jpg,sushi
1029933.jpg,takoyaki
103201.jpg,gyoza
1032052.jpg,sushi
1032351.jpg,sushi
1033302.jpg,other
1034768.jpg,takoyaki
1035370.jpg,takoyaki
1036466.jpg,gyoza
103732.jpg,gyoza
1038311.jpg,takoyaki
1039457.jpg,takoyaki
1043001.jpg,takoyaki
1043205.jpg,takoyaki
104332.jpg,takoyaki
1045631.jpg,takoyaki
1046921.jpg,takoyaki
1047687.jpg,takoyaki
1049178.jpg,takoyaki
105070.jpg,takoyaki
1055087.jpg,takoyaki
1055276.jpg,takoyaki
1055534.jpg,takoyaki
1056855.jpg,takoyaki
1057384.jpg,takoyaki
1058365.jpg,takoyaki
105877.jpg,takoyaki
1058864.jpg,takoyaki
1060006.jpg,takoyaki
1060188.jpg,takoyaki
1060389.jpg,takoyaki
1060699.jpg,takoyaki
1063351.jpg,takoyaki
1063569.jpg,takoyaki
1063763.jpg,takoyaki
1063794.jpg,takoyaki
1063878.jpg,takoyaki
1065533.jpg,takoyaki
1068834.jpg,takoyaki
106904.jpg,takoyaki
1069998.jpg,takoyaki
1070104.jpg,takoyaki
1073379.jpg,takoyaki
1073711.jpg,takoyaki
1076788.jpg,takoyaki
1080963.jpg,takoyaki
1085066.jpg,takoyaki
1085743.jpg,takoyaki
1087776.jpg,takoyaki
1091402.jpg,takoyaki
1091447.jpg,takoyaki
1092036.jpg,takoyaki
1092674.jpg,takoyaki
1093016.jpg,takoyaki
1093318.jpg,takoyaki
1094623.jpg,takoyaki
1094889.jpg,takoyaki
1096319.jpg,takoyaki
1098082.jpg,takoyaki
1098578.jpg,takoyaki
110107.jpg,takoyaki
1101243.jpg,takoyaki
1103284.jpg,takoyaki
1103395.jpg,takoyaki
1103543.jpg,takoyaki
1105406.jpg,takoyaki
110811.jpg,takoyaki
1109235.jpg,takoyaki
1109973.jpg,takoyaki
1111018.jpg,takoyaki
1112798.jpg,takoyaki
1113170.jpg,takoyaki
1113665.jpg,takoyaki
1114490.jpg,takoyaki
1115131.jpg,takoyaki
1115738.jpg,takoyaki
1115739.jpg,takoyaki
1115909.jpg,takoyaki
1116166.jpg,takoyaki
111766.jpg,takoyaki
1119011.jpg,takoyaki
1120674.jpg,takoyaki
1122280.jpg,takoyaki
1122579.jpg,takoyaki
1124807.jpg,takoyaki
1126334.jpg,takoyaki
1128320.jpg,takoyaki
1128334.jpg,takoyaki
112924.jpg,takoyaki
1129338.jpg,takoyaki
1130590.jpg,takoyaki
1130995.jpg,takoyaki
1131695.jpg,takoyaki
1132999.jpg,takoyaki
1133698.jpg,takoyaki
1135249.jpg,takoyaki
1138695.jpg,takoyaki
1139744.jpg,takoyaki
1140123.jpg,takoyaki
1140791.jpg,takoyaki
1142229.jpg,takoyaki
1143572.jpg,takoyaki
1143615.jpg,takoyaki
1143725.jpg,takoyaki
1144555.jpg,takoyaki
1145789.jpg,takoyaki
114935.jpg,takoyaki
114959.jpg,takoyaki
1150868.jpg,takoyaki
115156.jpg,takoyaki
1152316.jpg,takoyaki
115303.jpg,takoyaki
1154226.jpg,takoyaki
1154630.jpg,takoyaki
1157313.jpg,takoyaki
1160929.jpg,takoyaki
1161535.jpg,takoyaki
1163070.jpg,takoyaki
1163347.jpg,takoyaki
1165321.jpg,takoyaki
1165660.jpg,takoyaki
11662.jpg,takoyaki
1167263.jpg,takoyaki
1167309.jpg,takoyaki
1168726.jpg,takoyaki
1168975.jpg,takoyaki
1169507.jpg,takoyaki
1170148.jpg,takoyaki
1170327.jpg,takoyaki
1170805.jpg,takoyaki
1171513.jpg,takoyaki
1172255.jpg,takoyaki
1173035.jpg,takoyaki
1174196.jpg,takoyaki
1174754.jpg,takoyaki
1176310.jpg,takoyaki
1179238.jpg,takoyaki
118226.jpg,takoyaki
1183616.jpg,takoyaki
118394.jpg,takoyaki
1184113.jpg,takoyaki
1184573.jpg,takoyaki
1184849.jpg,takoyaki
1185249.jpg,takoyaki
1186011.jpg,takoyaki
1188111.jpg,takoyaki
1188503.jpg,takoyaki
1189432.jpg,takoyaki
1191146.jpg,takoyaki
119152.jpg,takoyaki
1191884.jpg,takoyaki
119195.jpg,takoyaki
1193742.jpg,takoyaki
1193926.jpg,takoyaki
1194203.jpg,takoyaki
1200222.jpg,takoyaki
1203702.jpg,takoyaki
1206992.jpg,takoyaki
1208532.jpg,takoyaki
1208551.jpg,takoyaki
1209865.jpg,takoyaki
1211249.jpg,takoyaki
1213593.jpg,takoyaki
1214108.jpg,takoyaki
1215578.jpg,takoyaki
1216488.jpg,takoyaki
1216787.jpg,takoyaki
1216903.jpg,takoyaki
121940.jpg,takoyaki
1220727.jpg,takoyaki
1221830.jpg,takoyaki
122322.jpg,takoyaki
122339.jpg,takoyaki
1224859.jpg,takoyaki
1226649.jpg,takoyaki
1226714.jpg,takoyaki
1227331.jpg,takoyaki
1227636.jpg,takoyaki
1228529.jpg,takoyaki
1230335.jpg,takoyaki
1231094.jpg,takoyaki
1231639.jpg,takoyaki
1232045.jpg,takoyaki
1232051.jpg,takoyaki
1232087.jpg,takoyaki
1232134.jpg,takoyaki
1232964.jpg,takoyaki
1238583.jpg,takoyaki
123925.jpg,takoyaki
124114.jpg,takoyaki
124263.jpg,takoyaki
124279.jpg,takoyaki
1243164.jpg,takoyaki
1245193.jpg,takoyaki
1245545.jpg,takoyaki
1245970.jpg,takoyaki
1251118.jpg,takoyaki
1251166.jpg,takoyaki
1256006.jpg,takoyaki
125755.jpg,takoyaki
1259816.jpg,takoyaki
1261526.jpg,takoyaki
1261746.jpg,takoyaki
126342.jpg,takoyaki
1264621.jpg,takoyaki
1267176.jpg,takoyaki
1267200.jpg,takoyaki
1267793.jpg,takoyaki
1269020.jpg,takoyaki
127083.jpg,takoyaki
1272618.jpg,takoyaki
1273611.jpg,takoyaki
1276405.jpg,takoyaki
1277049.jpg,takoyaki
1277864.jpg,takoyaki
1279946.jpg,takoyaki
1280119.jpg,takoyaki
1281784.jpg,takoyaki
1283993.jpg,takoyaki
128746.jpg,takoyaki
128818.jpg,takoyaki
1288813.jpg,takoyaki
1296570.jpg,takoyaki
1298669.jpg,takoyaki
1299585.jpg,takoyaki
1300357.jpg,takoyaki
130155.jpg,takoyaki
130350.jpg,takoyaki
1309932.jpg,takoyaki
1314492.jpg,takoyaki
1316132.jpg,takoyaki
13174.jpg,takoyaki
1317573.jpg,takoyaki
1317999.jpg,takoyaki
1320117.jpg,takoyaki
1321871.jpg,takoyaki
1322881.jpg,takoyaki
1326001.jpg,takoyaki
1326339.jpg,takoyaki
1327577.jpg,takoyaki
1327965.jpg,takoyaki
1328176.jpg,takoyaki
1329745.jpg,takoyaki
1331127.jpg,takoyaki
1332271.jpg,takoyaki
1334377.jpg,takoyaki
133470.jpg,takoyaki
1334957.jpg,takoyaki
1335076.jpg,takoyaki
1338177.jpg,takoyaki
1339207.jpg,takoyaki
1340802.jpg,takoyaki
1343306.jpg,takoyaki
1347978.jpg,takoyaki
1348393.jpg,takoyaki
1348394.jpg,takoyaki
1348805.jpg,takoyaki
1348942.jpg,takoyaki
1349755.jpg,takoyaki
1351120.jpg,takoyaki
1351818.jpg,takoyaki
1353969.jpg,takoyaki
1354362.jpg,takoyaki
1358960.jpg,takoyaki
1360528.jpg,takoyaki
1367386.jpg,takoyaki
1373559.jpg,takoyaki
1378767.jpg,takoyaki
1383874.jpg,takoyaki
1384532.jpg,takoyaki
1385904.jpg,takoyaki
1387399.jpg,takoyaki
1388966.jpg,takoyaki
1391144.jpg,takoyaki
1399892.jpg,takoyaki